INSERT INTO public.registerd_user (email, country, first_name, image, last_name, password, provider, title, active) VALUES ('vojnoviceva26@gmail.com', NULL, 'Adrijan', NULL, 'Kos', '$2a$10$0ySa2btCu7w2jRBnjqHfXeawIC.9XIk59DLY1VHumrcyzP/GRUcaK', 'GOOGLE', NULL, NULL);
INSERT INTO public.registerd_user (email, country, first_name, image, last_name, password, provider, title, active) VALUES ('amir.kos@gmail.com', NULL, 'amir', 'https://lh6.googleusercontent.com/-_lRl-jNHOZA/AAAAAAAAAAI/AAAAAAAADPs/6HA-uyUdlB4/s50/photo.jpg', 'kos', NULL, 'GOOGLE', NULL, NULL);
INSERT INTO public.registerd_user (email, country, first_name, image, last_name, password, provider, title, active) VALUES ('amir.kos@webringapps.com', NULL, 'amir', NULL, 'kos', '$2a$10$yaDozej5Z8KysC9rl5PzVuREW/AKxF2u0lnFmALjA7r26MvtLbbjK', 'REGISTRATION', NULL, true);
INSERT INTO public.registerd_user (email, country, first_name, image, last_name, password, provider, title, active) VALUES ('car.the.one@gmail.com', NULL, 'Amir', 'https://platform-lookaside.fbsbx.com/platform/profilepic/?asid=10156222103086623&height=200&width=200&ext=1566909944&hash=AeSw0JhIFiuzSKPJ', 'Kos', NULL, 'FACEBOOK', NULL, true);
INSERT INTO public.registerd_user (email, country, first_name, image, last_name, password, provider, title, active) VALUES ('zenkuhinja@gmail.com', NULL, 'radilica', NULL, 'zen-kitchen', '$2a$10$mmc6olIvL.FMuJiqSzs/8eb35qIUzu4xv6mKNRYK833jMPoywijI.', 'ADMIN', NULL, true);
INSERT INTO public.registerd_user (email, country, first_name, image, last_name, password, provider, title, active) VALUES ('iskra.radinovic@gmail.com', NULL, 'Iskra', NULL, 'Radinovic', '$2a$10$UkqSac9gR7IP3JmGgsFo8u5krSzmMn0nMusXybssQYkOivq/hJSDm', 'GOOGLE', NULL, NULL);
INSERT INTO public.registerd_user (email, country, first_name, image, last_name, password, provider, title, active) VALUES ('svibor.plancic1@gmail.com', NULL, 'svibor', 'https://lh3.googleusercontent.com/-OghdmEeLW60/AAAAAAAAAAI/AAAAAAAAAAA/ACHi3rePUEKR6JbRbiWBRHuprVEXI28i1A/s50/photo.jpg', 'plancic', NULL, 'GOOGLE', NULL, true);
INSERT INTO public.registerd_user (email, country, first_name, image, last_name, password, provider, title, active) VALUES ('giacomo.taize@gmail.com', NULL, 'Ante', 'https://lh3.googleusercontent.com/-oFxsjh3-Dac/AAAAAAAAAAI/AAAAAAAAAO4/7TyOleYuzgU/s50/photo.jpg', 'Mihalj', NULL, 'GOOGLE', NULL, true);
INSERT INTO public.registerd_user (email, country, first_name, image, last_name, password, provider, title, active) VALUES ('iskraradinovic@gmail.com', NULL, 'iskra', 'https://lh6.googleusercontent.com/-vwKs2XWMtZ8/AAAAAAAAAAI/AAAAAAAAAAA/ACHi3rewJ_A3ymGmJ5W0LRkeXnhmMCBOmg/s50/photo.jpg', 'radinovic', NULL, 'GOOGLE', NULL, true);


INSERT INTO public.user_cellular VALUES ('vojnoviceva26@gmail.com', '+385993176888');
INSERT INTO public.user_cellular VALUES ('iskra.radinovic@gmail.com', '+385993176666');
INSERT INTO public.user_cellular VALUES ('amir.kos@webringapps.com', '0993173689');
INSERT INTO public.user_cellular VALUES ('car.the.one@gmail.com', 'car 09921342142');
INSERT INTO public.user_cellular VALUES ('giacomo.taize@gmail.com', '0977505003 ');


INSERT INTO public.user_adress VALUES ('vojnoviceva26@gmail.com', 'Adresa 11');
INSERT INTO public.user_adress VALUES ('vojnoviceva26@gmail.com', 'Adresa 22');
INSERT INTO public.user_adress VALUES ('vojnoviceva26@gmail.com', 'Adresa 22');
INSERT INTO public.user_adress VALUES ('iskra.radinovic@gmail.com', 'Adresa 11');
INSERT INTO public.user_adress VALUES ('iskra.radinovic@gmail.com', 'Adresa 22');
INSERT INTO public.user_adress VALUES ('amir.kos@webringapps.com', 'Koste VOjnovica 26');
INSERT INTO public.user_adress VALUES ('car.the.one@gmail.com', 'car the one adressa 12');

INSERT INTO public.ingridient_type_calories VALUES (1, 121, 1, 6, 15, 'Bubrezi (teleći)');
INSERT INTO public.ingridient_type_calories VALUES (2, 272, 2, 16, 24, 'Dimljeni kare');
INSERT INTO public.ingridient_type_calories VALUES (3, 104, 0, 2, 21, 'Divlja svinja');
INSERT INTO public.ingridient_type_calories VALUES (4, 119, 4, 1, 21, 'Govedina mršava');
INSERT INTO public.ingridient_type_calories VALUES (5, 155, 1, 8, 20, 'Govedina srednje masna');
INSERT INTO public.ingridient_type_calories VALUES (6, 307, 1, 25, 19, 'Govedina masna');
INSERT INTO public.ingridient_type_calories VALUES (7, 410, 0, 39, 14, 'Govedina jako masna');
INSERT INTO public.ingridient_type_calories VALUES (8, 223, 0, 14, 26, 'Govedina u konzervi');
INSERT INTO public.ingridient_type_calories VALUES (9, 138, 0, 8, 16, 'Goveđi file');
INSERT INTO public.ingridient_type_calories VALUES (10, 155, 0, 8, 21, 'Goveđe meso za gulaš');
INSERT INTO public.ingridient_type_calories VALUES (11, 121, 2, 5, 20, 'Goveđe meso za rolade');
INSERT INTO public.ingridient_type_calories VALUES (12, 223, 0, 17, 19, 'Goveđe meso za juhu');
INSERT INTO public.ingridient_type_calories VALUES (13, 121, 2, 3, 20, 'Goveđa jetra');
INSERT INTO public.ingridient_type_calories VALUES (14, 320, 2, 29, 11, 'Hrenovke (govedina + svinjetina)');
INSERT INTO public.ingridient_type_calories VALUES (15, 258, 7, 20, 13, 'Hrenovke (pileće)');
INSERT INTO public.ingridient_type_calories VALUES (16, 239, 1, 7, 43, 'Hladetina');
INSERT INTO public.ingridient_type_calories VALUES (17, 348, 0, 17, 19, 'Janjeći kotlet');
INSERT INTO public.ingridient_type_calories VALUES (18, 207, 0, 13, 19, 'Janjetina mršava');
INSERT INTO public.ingridient_type_calories VALUES (19, 250, 0, 18, 18, 'Janjetina srednje masna');
INSERT INTO public.ingridient_type_calories VALUES (20, 404, 0, 37, 12, 'Janjetina masna (prsa)');
INSERT INTO public.ingridient_type_calories VALUES (21, 440, 1, 40, 12, 'Jetrena pašteta');
INSERT INTO public.ingridient_type_calories VALUES (22, 324, 1, 30, 11, 'Kobasica (prosječno)');
INSERT INTO public.ingridient_type_calories VALUES (23, 98, 1, 2, 18, 'Konjetina');
INSERT INTO public.ingridient_type_calories VALUES (24, 424, 0, 39, 13, 'Krvavice');
INSERT INTO public.ingridient_type_calories VALUES (25, 135, 0, 7, 18, 'Kunić');
INSERT INTO public.ingridient_type_calories VALUES (26, 424, 4, 40, 12, 'Mesni narezak');
INSERT INTO public.ingridient_type_calories VALUES (27, 253, 0, 19, 20, 'Mješano meso, mljeveno');
INSERT INTO public.ingridient_type_calories VALUES (28, 246, 0, 24, 13, 'Ovčetina');
INSERT INTO public.ingridient_type_calories VALUES (29, 227, 0, 8, 21, 'Pačetina');
INSERT INTO public.ingridient_type_calories VALUES (30, 123, 12, 4, 21, 'Piletina');
INSERT INTO public.ingridient_type_calories VALUES (31, 110, 0, 1, 23, 'Pileća prsa, bez kože');
INSERT INTO public.ingridient_type_calories VALUES (32, 119, 0, 4, 21, 'Pileći batak bez kože');
INSERT INTO public.ingridient_type_calories VALUES (33, 161, 0, 9, 20, 'Pileći batak s kožom');
INSERT INTO public.ingridient_type_calories VALUES (34, 111, 0, 1, 25, 'Pureća prsa');
INSERT INTO public.ingridient_type_calories VALUES (35, 128, 0, 5, 19, 'Pureća/pileća šunka');
INSERT INTO public.ingridient_type_calories VALUES (36, 269, 0, 23, 19, 'Svinjska lopatica');
INSERT INTO public.ingridient_type_calories VALUES (37, 140, 0, 5, 20, 'Salama, goveđa');
INSERT INTO public.ingridient_type_calories VALUES (38, 550, 0, 50, 18, 'Salama, mortadela');
INSERT INTO public.ingridient_type_calories VALUES (39, 523, 1, 47, 17, 'Salama, parizer');
INSERT INTO public.ingridient_type_calories VALUES (40, 197, 1, 14, 16, 'Salama, pureća/pileća prsa');
INSERT INTO public.ingridient_type_calories VALUES (41, 605, 0, 60, 8, 'Slanina');
INSERT INTO public.ingridient_type_calories VALUES (42, 123, 0, 3, 21, 'Srentina');
INSERT INTO public.ingridient_type_calories VALUES (43, 345, 0, 27, 18, 'Svinjetina');
INSERT INTO public.ingridient_type_calories VALUES (44, 342, 0, 32, 13, 'Svinjska pečenka');
INSERT INTO public.ingridient_type_calories VALUES (45, 342, 2, 31, 14, 'Svinjska pljeskavica');
INSERT INTO public.ingridient_type_calories VALUES (46, 109, 0, 3, 22, 'Svinjska šnicla');
INSERT INTO public.ingridient_type_calories VALUES (47, 120, 0, 4, 21, 'Svinjski file');
INSERT INTO public.ingridient_type_calories VALUES (48, 132, 0, 6, 22, 'Svinjski kare');
INSERT INTO public.ingridient_type_calories VALUES (49, 117, 0, 3, 23, 'Svinjski kotlet bez kosti');
INSERT INTO public.ingridient_type_calories VALUES (50, 620, 0, 64, 8, 'Špek');
INSERT INTO public.ingridient_type_calories VALUES (51, 147, 0, 6, 23, 'Šunka');
INSERT INTO public.ingridient_type_calories VALUES (52, 385, 0, 33, 18, 'Šunka dimljena, pršut');
INSERT INTO public.ingridient_type_calories VALUES (53, 274, 0, 20, 18, 'Šunka kuhana');
INSERT INTO public.ingridient_type_calories VALUES (54, 137, 4, 4, 18, 'Teleća jetrica');
INSERT INTO public.ingridient_type_calories VALUES (55, 164, 0, 6, 26, 'Teleća plećka');
INSERT INTO public.ingridient_type_calories VALUES (56, 177, 0, 8, 26, 'Teleća rebarca');
INSERT INTO public.ingridient_type_calories VALUES (57, 150, 0, 4, 29, 'Teleći but');
INSERT INTO public.ingridient_type_calories VALUES (58, 168, 0, 7, 27, 'Teleći odrezak');
INSERT INTO public.ingridient_type_calories VALUES (59, 105, 0, 3, 21, 'Teletina');
INSERT INTO public.ingridient_type_calories VALUES (60, 152, 0, 8, 21, 'Zečetina');
INSERT INTO public.ingridient_type_calories VALUES (61, 455, 0, 45, 13, 'Zimska kobasica');
INSERT INTO public.ingridient_type_calories VALUES (62, 76, 0, 1, 17, 'Bakalar');
INSERT INTO public.ingridient_type_calories VALUES (63, 66, 2, 2, 12, 'Dagnja');
INSERT INTO public.ingridient_type_calories VALUES (64, 75, 0, 2, 15, 'Grgeč');
INSERT INTO public.ingridient_type_calories VALUES (65, 155, 0, 10, 13, 'Haringa');
INSERT INTO public.ingridient_type_calories VALUES (66, 89, 0, 3, 17, 'Inćun');
INSERT INTO public.ingridient_type_calories VALUES (67, 86, 1, 2, 16, 'Jastog');
INSERT INTO public.ingridient_type_calories VALUES (68, 209, 1, 18, 9, 'Jegulja');
INSERT INTO public.ingridient_type_calories VALUES (69, 49, 4, 1, 6, 'Kamenica (ostriga)');
INSERT INTO public.ingridient_type_calories VALUES (70, 77, 1, 1, 16, 'Lignja');
INSERT INTO public.ingridient_type_calories VALUES (71, 83, 0, 1, 17, 'List');
INSERT INTO public.ingridient_type_calories VALUES (72, 217, 0, 14, 20, 'Losos');
INSERT INTO public.ingridient_type_calories VALUES (73, 112, 0, 2, 18, 'Pastrva');
INSERT INTO public.ingridient_type_calories VALUES (74, 106, 0, 2, 18, 'Račići');
INSERT INTO public.ingridient_type_calories VALUES (75, 240, 1, 14, 24, 'Sardine u ulju');
INSERT INTO public.ingridient_type_calories VALUES (76, 323, 0, 16, 21, 'Smuđ');
INSERT INTO public.ingridient_type_calories VALUES (77, 195, 0, 12, 19, 'Skuša');
INSERT INTO public.ingridient_type_calories VALUES (78, 65, 0, 3, 10, 'Šaran');
INSERT INTO public.ingridient_type_calories VALUES (79, 91, 0, 2, 17, 'Škampi');
INSERT INTO public.ingridient_type_calories VALUES (80, 85, 0, 2, 17, 'Štuka');
INSERT INTO public.ingridient_type_calories VALUES (81, 303, 0, 21, 24, 'Tunj u ulju');
INSERT INTO public.ingridient_type_calories VALUES (82, 73, 4, 1, 14, 'Mekani sir');
INSERT INTO public.ingridient_type_calories VALUES (83, 103, 3, 4, 12, 'Polumasni mekani sir');
INSERT INTO public.ingridient_type_calories VALUES (84, 347, 0, 30, 20, 'Masni tvrdi sir');
INSERT INTO public.ingridient_type_calories VALUES (85, 40, 5, 1, 3, 'Mlijeko (0,9 % masti)');
INSERT INTO public.ingridient_type_calories VALUES (86, 66, 5, 3, 3, 'Mlijeko (3,2 % masti)');
INSERT INTO public.ingridient_type_calories VALUES (87, 37, 4, 1, 4, 'Mlijeko, punomasno');
INSERT INTO public.ingridient_type_calories VALUES (88, 40, 5, 4, 4, 'Jogurt (obični)');
INSERT INTO public.ingridient_type_calories VALUES (89, 71, 5, 4, 4, 'Jogurt (3.5% masti)');
INSERT INTO public.ingridient_type_calories VALUES (90, 94, 14, 4, 3, 'Jogurt, voćni');
INSERT INTO public.ingridient_type_calories VALUES (91, 192, 3, 18, 3, 'Vrhnje, kiselo');
INSERT INTO public.ingridient_type_calories VALUES (92, 317, 2, 32, 3, 'Vrhnje, slatko');
INSERT INTO public.ingridient_type_calories VALUES (93, 78, 3, 2, 12, 'Posni sir');
INSERT INTO public.ingridient_type_calories VALUES (94, 134, 21, 4, 4, 'Puding od čokolade');
INSERT INTO public.ingridient_type_calories VALUES (95, 115, 6, 5, 13, 'Sirni namazi (23% masti)');
INSERT INTO public.ingridient_type_calories VALUES (96, 386, 6, 24, 14, 'Topljeni sir (45 % masti)');
INSERT INTO public.ingridient_type_calories VALUES (97, 372, 3, 28, 25, 'Tvrdi sir (45% masti)');
INSERT INTO public.ingridient_type_calories VALUES (98, 72, 4, 3, 15, 'Svježi kravlji sir');
INSERT INTO public.ingridient_type_calories VALUES (99, 383, 0, 30, 30, 'Sir Ementaler');
INSERT INTO public.ingridient_type_calories VALUES (100, 360, 0, 30, 20, 'Sir Gorgonzola');
INSERT INTO public.ingridient_type_calories VALUES (101, 367, 0, 30, 27, 'Sir Gouda');
INSERT INTO public.ingridient_type_calories VALUES (102, 140, 0, 1, 32, 'Sir smolasti');
INSERT INTO public.ingridient_type_calories VALUES (103, 272, 0, 24, 16, 'Sir za topljenje');
INSERT INTO public.ingridient_type_calories VALUES (104, 367, 0, 34, 34, 'Sir Parmezan');
INSERT INTO public.ingridient_type_calories VALUES (105, 227, 0, 17, 20, 'Sir Mozzarella');
INSERT INTO public.ingridient_type_calories VALUES (106, 234, 1, 19, 18, 'Sir od obranog mlijeka');
INSERT INTO public.ingridient_type_calories VALUES (107, 167, 1, 11, 13, 'Cijelo jaje');
INSERT INTO public.ingridient_type_calories VALUES (108, 377, 0, 32, 16, 'Žutanjak');
INSERT INTO public.ingridient_type_calories VALUES (109, 54, 1, 0, 17, 'Bjelanjak');
INSERT INTO public.ingridient_type_calories VALUES (110, 102, 1, 8, 7, 'Pačje jaje, manje');
INSERT INTO public.ingridient_type_calories VALUES (111, 172, 2, 13, 13, 'Pačje iaje');
INSERT INTO public.ingridient_type_calories VALUES (112, 175, 1, 14, 14, 'Gusje jaje, veće');
INSERT INTO public.ingridient_type_calories VALUES (113, 237, 47, 2, 7, 'Bijeli kruh');
INSERT INTO public.ingridient_type_calories VALUES (114, 250, 51, 1, 6, 'Crni kruh');
INSERT INTO public.ingridient_type_calories VALUES (115, 355, 80, 1, 5, 'Cornflakes');
INSERT INTO public.ingridient_type_calories VALUES (116, 410, 35, 25, 5, 'Croissant');
INSERT INTO public.ingridient_type_calories VALUES (117, 397, 77, 1, 10, 'Dvopek');
INSERT INTO public.ingridient_type_calories VALUES (118, 370, 75, 1, 10, 'Griz');
INSERT INTO public.ingridient_type_calories VALUES (119, 314, 39, 13, 7, 'Kolači od samog tijesta');
INSERT INTO public.ingridient_type_calories VALUES (120, 376, 72, 4, 13, 'Kokice');
INSERT INTO public.ingridient_type_calories VALUES (121, 320, 65, 2, 10, 'Krekeri');
INSERT INTO public.ingridient_type_calories VALUES (122, 240, 46, 1, 7, 'Kruh sa cijelim zrnima');
INSERT INTO public.ingridient_type_calories VALUES (123, 264, 48, 4, 8, 'Kruh za tost');
INSERT INTO public.ingridient_type_calories VALUES (124, 220, 31, 9, 5, 'Kukuruzni kruh');
INSERT INTO public.ingridient_type_calories VALUES (125, 388, 83, 1, 6, 'Kukuruzne pahuljice');
INSERT INTO public.ingridient_type_calories VALUES (126, 371, 68, 6, 11, 'Musli');
INSERT INTO public.ingridient_type_calories VALUES (127, 258, 54, 2, 9, 'Pecivo pšenično');
INSERT INTO public.ingridient_type_calories VALUES (128, 228, 42, 2, 8, 'Pecivo sa žitaricama');
INSERT INTO public.ingridient_type_calories VALUES (129, 265, 55, 1, 8, 'Pogača, lepinja');
INSERT INTO public.ingridient_type_calories VALUES (130, 252, 52, 1, 3, 'Polubijeli kruh');
INSERT INTO public.ingridient_type_calories VALUES (131, 370, 75, 5, 10, 'Prepečenci');
INSERT INTO public.ingridient_type_calories VALUES (132, 370, 71, 2, 12, 'Pšenično brašno');
INSERT INTO public.ingridient_type_calories VALUES (133, 222, 47, 1, 7, 'Raženi kruh');
INSERT INTO public.ingridient_type_calories VALUES (134, 205, 40, 1, 7, 'Raženi kruh sa žitaricama');
INSERT INTO public.ingridient_type_calories VALUES (135, 356, 35, 1, 9, 'Raženo brašno');
INSERT INTO public.ingridient_type_calories VALUES (136, 368, 79, 1, 7, 'Riža ljuštena');
INSERT INTO public.ingridient_type_calories VALUES (137, 371, 75, 2, 7, 'Riža neljuštena');
INSERT INTO public.ingridient_type_calories VALUES (138, 427, 26, 19, 38, 'Soja u zrnu');
INSERT INTO public.ingridient_type_calories VALUES (139, 72, 2, 4, 8, 'Sojin sir (tofu)');
INSERT INTO public.ingridient_type_calories VALUES (140, 152, 32, 1, 5, 'Špageti bez jaja, kuhani');
INSERT INTO public.ingridient_type_calories VALUES (141, 390, 72, 3, 13, 'Tjestenina sa jajima');
INSERT INTO public.ingridient_type_calories VALUES (142, 145, 28, 1, 5, 'Tijesto kuhano');
INSERT INTO public.ingridient_type_calories VALUES (143, 224, 45, 2, 7, 'Zobeni kruh');
INSERT INTO public.ingridient_type_calories VALUES (144, 402, 66, 7, 14, 'Zobene pahuljice');
INSERT INTO public.ingridient_type_calories VALUES (145, 23, 5, 0, 1, 'Artičoke');
INSERT INTO public.ingridient_type_calories VALUES (146, 33, 4, 0, 3, 'Brokula');
INSERT INTO public.ingridient_type_calories VALUES (147, 37, 8, 0, 2, 'Cikla');
INSERT INTO public.ingridient_type_calories VALUES (148, 28, 4, 0, 2, 'Cvjetača');
INSERT INTO public.ingridient_type_calories VALUES (149, 38, 7, 0, 2, 'Celer');
INSERT INTO public.ingridient_type_calories VALUES (151, 93, 14, 1, 7, 'Grašak');
INSERT INTO public.ingridient_type_calories VALUES (152, 46, 5, 1, 4, 'Kelj');
INSERT INTO public.ingridient_type_calories VALUES (153, 10, 2, 0, 1, 'Krastavci');
INSERT INTO public.ingridient_type_calories VALUES (154, 14, 3, 0, 1, 'Krastavci, kiseli');
INSERT INTO public.ingridient_type_calories VALUES (155, 24, 4, 0, 2, 'Koraba');
INSERT INTO public.ingridient_type_calories VALUES (156, 110, 22, 2, 4, 'Kukuruz');
INSERT INTO public.ingridient_type_calories VALUES (159, 100, 18, 1, 8, 'Leća');
INSERT INTO public.ingridient_type_calories VALUES (160, 42, 9, 0, 1, 'Luk');
INSERT INTO public.ingridient_type_calories VALUES (161, 27, 5, 0, 2, 'Mahune');
INSERT INTO public.ingridient_type_calories VALUES (162, 15, 1, 0, 2, 'Matovilac');
INSERT INTO public.ingridient_type_calories VALUES (163, 140, 2, 10, 1, 'Masline');
INSERT INTO public.ingridient_type_calories VALUES (164, 35, 7, 0, 1, 'Mrkva');
INSERT INTO public.ingridient_type_calories VALUES (166, 26, 5, 0, 1, 'Patlidžan');
INSERT INTO public.ingridient_type_calories VALUES (167, 0, 0, 0, 5, 'Peršin');
INSERT INTO public.ingridient_type_calories VALUES (168, 38, 6, 0, 2, 'Poriluk');
INSERT INTO public.ingridient_type_calories VALUES (169, 30, 4, 1, 4, 'Prokulice');
INSERT INTO public.ingridient_type_calories VALUES (170, 19, 3, 0, 1, 'Rajčica');
INSERT INTO public.ingridient_type_calories VALUES (171, 13, 2, 0, 1, 'Rotkvice');
INSERT INTO public.ingridient_type_calories VALUES (172, 24, 3, 0, 3, 'Šampinjoni');
INSERT INTO public.ingridient_type_calories VALUES (173, 20, 3, 0, 2, 'Šparoge');
INSERT INTO public.ingridient_type_calories VALUES (174, 23, 2, 0, 2, 'Špinat');
INSERT INTO public.ingridient_type_calories VALUES (175, 18, 2, 1, 2, 'Tikvice');
INSERT INTO public.ingridient_type_calories VALUES (176, 0, 0, 0, 5, 'Vlasac');
INSERT INTO public.ingridient_type_calories VALUES (177, 14, 2, 0, 1, 'Zelena salata');
INSERT INTO public.ingridient_type_calories VALUES (178, 25, 4, 0, 1, 'Zelje');
INSERT INTO public.ingridient_type_calories VALUES (179, 568, 50, 40, 5, 'Čips');
INSERT INTO public.ingridient_type_calories VALUES (182, 268, 24, 18, 2, 'Kroketi sprženi u ulju');
INSERT INTO public.ingridient_type_calories VALUES (183, 133, 17, 6, 2, 'Njoki');
INSERT INTO public.ingridient_type_calories VALUES (184, 270, 34, 12, 4, 'Pomfrit');
INSERT INTO public.ingridient_type_calories VALUES (185, 117, 27, 0, 1, 'Valjušci od krumpira');
INSERT INTO public.ingridient_type_calories VALUES (186, 56, 13, 0, 0, 'Ananas');
INSERT INTO public.ingridient_type_calories VALUES (187, 221, 0, 24, 2, 'Avokado');
INSERT INTO public.ingridient_type_calories VALUES (188, 99, 23, 0, 1, 'Banana');
INSERT INTO public.ingridient_type_calories VALUES (189, 62, 14, 1, 1, 'Borovnica');
INSERT INTO public.ingridient_type_calories VALUES (190, 46, 11, 0, 1, 'Breskva');
INSERT INTO public.ingridient_type_calories VALUES (191, 54, 5, 0, 1, 'Dinja');
INSERT INTO public.ingridient_type_calories VALUES (192, 70, 16, 0, 1, 'Grožđe');
INSERT INTO public.ingridient_type_calories VALUES (193, 42, 10, 0, 1, 'Grejp');
INSERT INTO public.ingridient_type_calories VALUES (194, 52, 12, 0, 0, 'Jabuka');
INSERT INTO public.ingridient_type_calories VALUES (195, 36, 7, 0, 1, 'Jagode');
INSERT INTO public.ingridient_type_calories VALUES (196, 603, 13, 53, 23, 'Kikiriki');
INSERT INTO public.ingridient_type_calories VALUES (197, 55, 11, 1, 1, 'Kivi');
INSERT INTO public.ingridient_type_calories VALUES (198, 44, 6, 1, 1, 'Kupine');
INSERT INTO public.ingridient_type_calories VALUES (199, 55, 12, 0, 0, 'Kruška');
INSERT INTO public.ingridient_type_calories VALUES (200, 24, 5, 0, 1, 'Lubenica');
INSERT INTO public.ingridient_type_calories VALUES (201, 40, 8, 0, 1, 'Maline');
INSERT INTO public.ingridient_type_calories VALUES (202, 48, 11, 0, 1, 'Mandarine');
INSERT INTO public.ingridient_type_calories VALUES (203, 54, 12, 0, 1, 'Marelica');
INSERT INTO public.ingridient_type_calories VALUES (204, 54, 9, 0, 1, 'Naranča');
INSERT INTO public.ingridient_type_calories VALUES (205, 53, 13, 0, 1, 'Nektarina');
INSERT INTO public.ingridient_type_calories VALUES (206, 670, 13, 63, 13, 'Orasi');
INSERT INTO public.ingridient_type_calories VALUES (207, 45, 10, 0, 1, 'Ribizl (crveni)');
INSERT INTO public.ingridient_type_calories VALUES (208, 63, 14, 0, 1, 'Ribizl (crni)');
INSERT INTO public.ingridient_type_calories VALUES (209, 252, 56, 1, 3, 'Suho voće');
INSERT INTO public.ingridient_type_calories VALUES (210, 58, 14, 0, 1, 'Šljiva');
INSERT INTO public.ingridient_type_calories VALUES (211, 57, 13, 0, 1, 'Trešnje');
INSERT INTO public.ingridient_type_calories VALUES (212, 753, 9, 74, 14, 'Biljna mast');
INSERT INTO public.ingridient_type_calories VALUES (213, 761, 3, 80, 1, 'Majoneza');
INSERT INTO public.ingridient_type_calories VALUES (214, 341, 6, 35, 1, 'Majoneza light');
INSERT INTO public.ingridient_type_calories VALUES (215, 720, 0, 81, 0, 'Margarin');
INSERT INTO public.ingridient_type_calories VALUES (216, 755, 0, 83, 1, 'Maslac');
INSERT INTO public.ingridient_type_calories VALUES (217, 900, 0, 100, 0, 'Svinjska mast');
INSERT INTO public.ingridient_type_calories VALUES (218, 480, 2, 52, 1, 'Tartar umak');
INSERT INTO public.ingridient_type_calories VALUES (219, 900, 0, 100, 0, 'Ulje bučino');
INSERT INTO public.ingridient_type_calories VALUES (220, 900, 0, 100, 0, 'Ulje laneno');
INSERT INTO public.ingridient_type_calories VALUES (221, 900, 0, 100, 0, 'Ulje maslinovo');
INSERT INTO public.ingridient_type_calories VALUES (222, 900, 0, 100, 0, 'Ulje repino');
INSERT INTO public.ingridient_type_calories VALUES (223, 928, 0, 100, 0, 'Ulje suncokretovo');
INSERT INTO public.ingridient_type_calories VALUES (224, 29, 3, 0, 4, 'Alfa-alfa klice');
INSERT INTO public.ingridient_type_calories VALUES (225, 45, 11, 0, 1, 'Bundeva, butternut');
INSERT INTO public.ingridient_type_calories VALUES (226, 19, 3, 0, 1, 'Blitva');
INSERT INTO public.ingridient_type_calories VALUES (227, 88, 18, 0, 8, 'Bob');
INSERT INTO public.ingridient_type_calories VALUES (228, 26, 6, 0, 1, 'Bundeva');
INSERT INTO public.ingridient_type_calories VALUES (229, 39, 10, 0, 0, 'Bundeva, acorn');
INSERT INTO public.ingridient_type_calories VALUES (230, 14, 3, 0, 0, 'Celer, listovi');
INSERT INTO public.ingridient_type_calories VALUES (231, 40, 8, 0, 1, 'Čili, papričica');
INSERT INTO public.ingridient_type_calories VALUES (232, 149, 33, 0, 6, 'Češnjak');
INSERT INTO public.ingridient_type_calories VALUES (233, 80, 17, 0, 1, 'Đumbir, korijen');
INSERT INTO public.ingridient_type_calories VALUES (234, 147, 11, 6, 13, 'Edamame (mahune od soje)');
INSERT INTO public.ingridient_type_calories VALUES (235, 333, 60, 0, 23, 'Grah, bijeli');
INSERT INTO public.ingridient_type_calories VALUES (236, 333, 60, 0, 23, 'Grah, crveni');
INSERT INTO public.ingridient_type_calories VALUES (237, 347, 62, 1, 21, 'Grah, šareni');
INSERT INTO public.ingridient_type_calories VALUES (238, 43, 9, 0, 3, 'Kelj pupčar (prokulica)');
INSERT INTO public.ingridient_type_calories VALUES (239, 13, 2, 0, 1, 'Kineski kupus (Bok-Choy)');
INSERT INTO public.ingridient_type_calories VALUES (240, 31, 7, 0, 1, 'Komorač');
INSERT INTO public.ingridient_type_calories VALUES (241, 23, 3, 0, 2, 'Korijander');
INSERT INTO public.ingridient_type_calories VALUES (242, 15, 3, 0, 0, 'Krastavac');
INSERT INTO public.ingridient_type_calories VALUES (243, 72, 15, 0, 1, 'Krumpir, crveni');
INSERT INTO public.ingridient_type_calories VALUES (244, 76, 17, 0, 2, 'Krumpir, bijeli');
INSERT INTO public.ingridient_type_calories VALUES (245, 86, 19, 1, 3, 'Kukuruz, šećerac');
INSERT INTO public.ingridient_type_calories VALUES (246, 24, 5, 0, 1, 'Kupus');
INSERT INTO public.ingridient_type_calories VALUES (247, 31, 7, 0, 1, 'Kupus, crveni');
INSERT INTO public.ingridient_type_calories VALUES (248, 32, 7, 0, 1, 'Luk, mladi');
INSERT INTO public.ingridient_type_calories VALUES (249, 72, 16, 0, 2, 'Ljutika');
INSERT INTO public.ingridient_type_calories VALUES (250, 26, 6, 0, 1, 'Paprika, crvena');
INSERT INTO public.ingridient_type_calories VALUES (251, 20, 4, 0, 0, 'Paprika, zelena');
INSERT INTO public.ingridient_type_calories VALUES (252, 27, 6, 0, 1, 'Paprika, žuta');
INSERT INTO public.ingridient_type_calories VALUES (253, 36, 6, 0, 3, 'Peršin');
INSERT INTO public.ingridient_type_calories VALUES (254, 30, 5, 0, 2, 'Raštika');
INSERT INTO public.ingridient_type_calories VALUES (255, 18, 3, 0, 0, 'Rajčica, crvena');
INSERT INTO public.ingridient_type_calories VALUES (256, 28, 6, 0, 0, 'Repa');
INSERT INTO public.ingridient_type_calories VALUES (257, 25, 3, 0, 2, 'Rukola');
INSERT INTO public.ingridient_type_calories VALUES (258, 16, 2, 0, 1, 'Salata, crvena');
INSERT INTO public.ingridient_type_calories VALUES (259, 17, 3, 0, 1, 'Salata, endivija');
INSERT INTO public.ingridient_type_calories VALUES (260, 14, 3, 0, 0, 'Salata, Iceberg');
INSERT INTO public.ingridient_type_calories VALUES (261, 32, 5, 0, 2, 'Salata, kres');
INSERT INTO public.ingridient_type_calories VALUES (262, 13, 2, 0, 1, 'Salata, puterica');
INSERT INTO public.ingridient_type_calories VALUES (263, 17, 3, 0, 1, 'Salata, rimska');
INSERT INTO public.ingridient_type_calories VALUES (264, 15, 2, 0, 1, 'Salata, zelena');
INSERT INTO public.ingridient_type_calories VALUES (265, 364, 60, 6, 19, 'Slanutak');
INSERT INTO public.ingridient_type_calories VALUES (266, 86, 20, 0, 1, 'Slatki krumpir (batat)');
INSERT INTO public.ingridient_type_calories VALUES (267, 30, 4, 0, 3, 'Vlasac');
INSERT INTO public.ingridient_type_calories VALUES (268, 573, 23, 50, 18, 'Sjemenke sezam');
INSERT INTO public.ingridient_type_calories VALUES (269, 573, 23, 50, 18, 'Sjemenke bundeva');
INSERT INTO public.ingridient_type_calories VALUES (270, 554, 15, 46, 29, 'Sjemenke suncokret');
INSERT INTO public.ingridient_type_calories VALUES (271, 378, 73, 3, 10, 'Proso');
INSERT INTO public.ingridient_type_calories VALUES (272, 176, 37, 0, 6, 'Kus Kus');
INSERT INTO public.ingridient_type_calories VALUES (273, 27, 4, 1, 3, 'Bosiljak');



INSERT INTO public.menu (menu_id, available, menu_date, menu_description, price, record_time, total_available, menu_facts) VALUES (9, 6, '2011-01-01', 'Ragu od bivola na naglo, mungo grah riza, i KURAC', 37, '2011-01-01 00:00:00', 20, NULL);
INSERT INTO public.menu (menu_id, available, menu_date, menu_description, price, record_time, total_available, menu_facts) VALUES (5, 5, '2017-01-02', 'Tikvice na naglo, povrtna riza, i gulas od king konga', 40, '2017-01-02 00:00:00', 20, NULL);
INSERT INTO public.menu (menu_id, available, menu_date, menu_description, price, record_time, total_available, menu_facts) VALUES (28, 20, '2017-01-02', 'Tikvice na naglo, povrtna riza, i gulas od king konga', 40, '2017-01-02 00:00:00', 20, NULL);
INSERT INTO public.menu (menu_id, available, menu_date, menu_description, price, record_time, total_available, menu_facts) VALUES (32, 20, '2011-01-01', 'Ragu od bivola na naglo, mungo grah riza, i KURAC', 37, '2011-01-01 00:00:00', 20, NULL);
INSERT INTO public.menu (menu_id, available, menu_date, menu_description, price, record_time, total_available, menu_facts) VALUES (1, 20, '2019-07-19', 'Tikvice na naglo, povrtna riza, i gulas od king konga', 40, '2019-07-19 20:37:13.297', 20, NULL);
INSERT INTO public.menu (menu_id, available, menu_date, menu_description, price, record_time, total_available, menu_facts) VALUES (168, 28, '2019-07-24', 'dgdgdg', 34, '2019-07-24 12:10:33.352', 30, NULL);
INSERT INTO public.menu (menu_id, available, menu_date, menu_description, price, record_time, total_available, menu_facts) VALUES (103, 30, '2019-07-20', 'mali moj menu 2', 40, '2019-07-20 18:09:17.633', 30, NULL);
INSERT INTO public.menu (menu_id, available, menu_date, menu_description, price, record_time, total_available, menu_facts) VALUES (146, 27, '2019-07-23', 'mali moj meni za danasnji dan da provjerim', 40, '2019-07-23 14:34:05.82', 30, NULL);
INSERT INTO public.menu (menu_id, available, menu_date, menu_description, price, record_time, total_available, menu_facts) VALUES (114, 24, '2019-07-21', 'dana su tikivce na zaru2', 40, '2019-07-21 11:40:36.403', 28, NULL);
INSERT INTO public.menu (menu_id, available, menu_date, menu_description, price, record_time, total_available, menu_facts) VALUES (218, 37, '2019-07-27', 'testni meni za 27.07.2019

tesitreanje izrcuna', 40, '2019-07-27 14:46:07.657', 50, NULL);
INSERT INTO public.menu (menu_id, available, menu_date, menu_description, price, record_time, total_available, menu_facts) VALUES (192, 17, '2019-07-25', 'danasnji meni 223', 40, '2019-07-25 16:52:28.536', 17, NULL);
INSERT INTO public.menu (menu_id, available, menu_date, menu_description, price, record_time, total_available, menu_facts) VALUES (134, 20, '2019-07-22', 'moj mali menu', 40, '2019-07-22 08:28:08.768', 30, NULL);
INSERT INTO public.menu (menu_id, available, menu_date, menu_description, price, record_time, total_available, menu_facts) VALUES (201, 28, '2019-07-26', 'dragi moji smradovi
danas cu vas sve otrovat dgdffgsdfsd

vasa iskra :)', 40, '2019-07-26 17:21:58.061', 28, NULL);
INSERT INTO public.menu (menu_id, available, menu_date, menu_description, price, record_time, total_available, menu_facts) VALUES (281, 0, '2019-07-28', 'Dragi moji :)
Danas kuhamo:

Bundeva u posteljici od spinata
Sezamove sjemenke u bucinom ulju
Przeni batata krumpir

Molim vas napomenite da li trebate pribor za jelo,
Kolicina hrane je ogranicena molim vas da narucite do 11', 40, '2019-07-28 12:49:50.916', 20, NULL);
INSERT INTO public.menu (menu_id, available, menu_date, menu_description, price, record_time, total_available, menu_facts) VALUES (292, 0, '2019-07-29', 'Prosotto s blitvom i tostiranim suncokretovim sjemenkama
Pileći file u umaku od rajčica sa bijelom tikvom i slanutkom', 40, '2019-07-29 08:29:16.218', 12, NULL);
INSERT INTO public.menu (menu_id, available, menu_date, menu_description, price, record_time, total_available, menu_facts) VALUES (336, 5, '2019-07-30', 'moj mlai meni', 40, '2019-07-30 22:33:17.913', 25, 'By default, a Spring Boot application will look for message files containing internationalization keys and values in the src/main/resources folder.

The file for the default locale will have the name messages.properties, and files for each locale will be named messages_XX.properties, where XX is the locale code.

The keys for the values that will be localized have to be the same in every file, with values appropriate to the language they correspond to.

https://www.baeldung.com/spring-boot-internationalization');
INSERT INTO public.menu (menu_id, available, menu_date, menu_description, price, record_time, total_available, menu_facts) VALUES (313, 28, '2018-05-05', 'Kus kus s kockicama patlidjana, cherry rajcicama, maslinama, kaparima, kukuruzom, svjezim bosiljkom, maslinovim uljem i kockicama sira 
Peceni batat s cilijem 😊', 40, '2019-07-30 21:59:53.787', 73, 'sfsfsfsfsfsfsffghfdhfhfhfhf');
INSERT INTO public.menu (menu_id, available, menu_date, menu_description, price, record_time, total_available, menu_facts) VALUES (332, 5, '2018-05-05', 'Kus kus s kockicama patlidjana, cherry rajcicama, maslinama, kaparima, kukuruzom, svjezim bosiljkom, maslinovim uljem i kockicama sira 
Peceni batat s cilijem 😊', 40, '2019-07-30 22:01:13.014', 5, 'sfsfsfsfsfsfsffghfdhfhfhfhf');
INSERT INTO public.menu (menu_id, available, menu_date, menu_description, price, record_time, total_available, menu_facts) VALUES (334, 5, '2018-05-05', 'Kus kus s kockicama patlidjana, cherry rajcicama, maslinama, kaparima, kukuruzom, svjezim bosiljkom, maslinovim uljem i kockicama sira 
Peceni batat s cilijem 😊', 40, '2019-07-30 22:02:16.036', 5, 'sfsfsfsfsfsfsffghfdhfhfhfhf');
INSERT INTO public.menu (menu_id, available, menu_date, menu_description, price, record_time, total_available, menu_facts) VALUES (653, 30, '2019-07-31', 'AASDADADAD', 34, '2019-07-31 17:23:46.244', 30, 'DSFSFSFSFS');
INSERT INTO public.menu (menu_id, available, menu_date, menu_description, price, record_time, total_available, menu_facts) VALUES (659, 25, '2019-08-01', 'piletina u umaku od basmati rize, 
prokulice pohane na naglo

preljev od tofu-a s posteljicom od ruzmarina
', 40, '2019-08-01 12:13:59.188', 25, 'Sojin sir odnosno tofu je namirnica koja je vrlo brzo postala glavna namirnica kod svih vegeterijanaca i vegana. Tofu se zove sojinim sirom jer je tehnika dobivanja tofua vrlo slična tehnici dobivanja sira. Tofu je okusom dosta različit od soje. Možete ga koristiti u raznim receptima. Ne mora nužno biti da će se tofu i soja dobro slagati u svakome receptu. No tofu ima iznimno malo kalorija. Osim toga ima i vrlo malo masti. Tako da je tofu idealna namirnica koja će vam poslužiti kao međubrok. Problem je što se tofu ne slaže baš najbolje sa drugim namirnicama pa ćete morati biti ipak malo spretniji u kuhinji kako bi ga ukomponirali u ukusno jelo.');


INSERT INTO public.ingridient (ingridient_id, ingridient_type_id, price, quantity, menu_id) VALUES (6, 22, 10.00, 1.00, 5);
INSERT INTO public.ingridient (ingridient_id, ingridient_type_id, price, quantity, menu_id) VALUES (7, 4, 14.00, 4.00, 5);
INSERT INTO public.ingridient (ingridient_id, ingridient_type_id, price, quantity, menu_id) VALUES (8, 50, 7.60, 2.30, 5);
INSERT INTO public.ingridient (ingridient_id, ingridient_type_id, price, quantity, menu_id) VALUES (10, 5, 10.00, 1.00, 9);
INSERT INTO public.ingridient (ingridient_id, ingridient_type_id, price, quantity, menu_id) VALUES (11, 17, 14.00, 4.00, 9);
INSERT INTO public.ingridient (ingridient_id, ingridient_type_id, price, quantity, menu_id) VALUES (12, 8, 7.60, 2.30, 9);
INSERT INTO public.ingridient (ingridient_id, ingridient_type_id, price, quantity, menu_id) VALUES (13, 51, 10.00, 1.00, 9);
INSERT INTO public.ingridient (ingridient_id, ingridient_type_id, price, quantity, menu_id) VALUES (14, 26, 14.00, 4.00, 9);
INSERT INTO public.ingridient (ingridient_id, ingridient_type_id, price, quantity, menu_id) VALUES (15, 24, 7.60, 2.30, 9);
INSERT INTO public.ingridient (ingridient_id, ingridient_type_id, price, quantity, menu_id) VALUES (29, 22, 10.00, 1.00, 28);
INSERT INTO public.ingridient (ingridient_id, ingridient_type_id, price, quantity, menu_id) VALUES (30, 4, 14.00, 4.00, 28);
INSERT INTO public.ingridient (ingridient_id, ingridient_type_id, price, quantity, menu_id) VALUES (31, 50, 7.60, 2.30, 28);
INSERT INTO public.ingridient (ingridient_id, ingridient_type_id, price, quantity, menu_id) VALUES (33, 5, 10.00, 1.00, 32);
INSERT INTO public.ingridient (ingridient_id, ingridient_type_id, price, quantity, menu_id) VALUES (34, 17, 14.00, 4.00, 32);
INSERT INTO public.ingridient (ingridient_id, ingridient_type_id, price, quantity, menu_id) VALUES (35, 8, 7.60, 2.30, 32);
INSERT INTO public.ingridient (ingridient_id, ingridient_type_id, price, quantity, menu_id) VALUES (36, 51, 10.00, 1.00, 32);
INSERT INTO public.ingridient (ingridient_id, ingridient_type_id, price, quantity, menu_id) VALUES (37, 26, 14.00, 4.00, 32);
INSERT INTO public.ingridient (ingridient_id, ingridient_type_id, price, quantity, menu_id) VALUES (38, 24, 7.60, 2.30, 32);
INSERT INTO public.ingridient (ingridient_id, ingridient_type_id, price, quantity, menu_id) VALUES (97, 10, 80.00, 2000.00, 1);
INSERT INTO public.ingridient (ingridient_id, ingridient_type_id, price, quantity, menu_id) VALUES (98, 169, 25.00, 1500.00, 1);
INSERT INTO public.ingridient (ingridient_id, ingridient_type_id, price, quantity, menu_id) VALUES (100, 135, 10.00, 1000.00, 1);
INSERT INTO public.ingridient (ingridient_id, ingridient_type_id, price, quantity, menu_id) VALUES (101, 79, 220.00, 2000.00, 1);
INSERT INTO public.ingridient (ingridient_id, ingridient_type_id, price, quantity, menu_id) VALUES (102, 145, 20.00, 400.00, 1);
INSERT INTO public.ingridient (ingridient_id, ingridient_type_id, price, quantity, menu_id) VALUES (170, 14, 40.00, 1000.00, 168);
INSERT INTO public.ingridient (ingridient_id, ingridient_type_id, price, quantity, menu_id) VALUES (194, 7, 80.00, 1000.00, 192);
INSERT INTO public.ingridient (ingridient_id, ingridient_type_id, price, quantity, menu_id) VALUES (112, 145, 3.00, 2.00, 103);
INSERT INTO public.ingridient (ingridient_id, ingridient_type_id, price, quantity, menu_id) VALUES (113, 1, 30.00, 2.00, 103);
INSERT INTO public.ingridient (ingridient_id, ingridient_type_id, price, quantity, menu_id) VALUES (204, 152, 10.00, 2000.00, 201);
INSERT INTO public.ingridient (ingridient_id, ingridient_type_id, price, quantity, menu_id) VALUES (205, 215, 70.00, 300.00, 201);
INSERT INTO public.ingridient (ingridient_id, ingridient_type_id, price, quantity, menu_id) VALUES (206, 147, 15.00, 2000.00, 201);
INSERT INTO public.ingridient (ingridient_id, ingridient_type_id, price, quantity, menu_id) VALUES (207, 31, 50.00, 5000.00, 201);
INSERT INTO public.ingridient (ingridient_id, ingridient_type_id, price, quantity, menu_id) VALUES (208, 136, 15.00, 2000.00, 201);
INSERT INTO public.ingridient (ingridient_id, ingridient_type_id, price, quantity, menu_id) VALUES (209, 175, 10.00, 3000.00, 201);
INSERT INTO public.ingridient (ingridient_id, ingridient_type_id, price, quantity, menu_id) VALUES (210, 166, 15.00, 1000.00, 201);
INSERT INTO public.ingridient (ingridient_id, ingridient_type_id, price, quantity, menu_id) VALUES (127, 29, 22.00, 1000.00, 114);
INSERT INTO public.ingridient (ingridient_id, ingridient_type_id, price, quantity, menu_id) VALUES (128, 22, 100.00, 100.00, 114);
INSERT INTO public.ingridient (ingridient_id, ingridient_type_id, price, quantity, menu_id) VALUES (135, 20, 100.00, 1000.00, 134);
INSERT INTO public.ingridient (ingridient_id, ingridient_type_id, price, quantity, menu_id) VALUES (136, 18, 80.00, 1000.00, 134);
INSERT INTO public.ingridient (ingridient_id, ingridient_type_id, price, quantity, menu_id) VALUES (137, 215, 50.00, 300.00, 134);
INSERT INTO public.ingridient (ingridient_id, ingridient_type_id, price, quantity, menu_id) VALUES (138, 148, 10.00, 2000.00, 134);
INSERT INTO public.ingridient (ingridient_id, ingridient_type_id, price, quantity, menu_id) VALUES (139, 151, 10.00, 500.00, 134);
INSERT INTO public.ingridient (ingridient_id, ingridient_type_id, price, quantity, menu_id) VALUES (147, 159, 20.00, 1000.00, 146);
INSERT INTO public.ingridient (ingridient_id, ingridient_type_id, price, quantity, menu_id) VALUES (148, 163, 20.00, 1000.00, 146);
INSERT INTO public.ingridient (ingridient_id, ingridient_type_id, price, quantity, menu_id) VALUES (149, 79, 200.00, 2000.00, 146);
INSERT INTO public.ingridient (ingridient_id, ingridient_type_id, price, quantity, menu_id) VALUES (273, 168, 20.00, 1000.00, 218);
INSERT INTO public.ingridient (ingridient_id, ingridient_type_id, price, quantity, menu_id) VALUES (274, 160, 13.00, 2000.00, 218);
INSERT INTO public.ingridient (ingridient_id, ingridient_type_id, price, quantity, menu_id) VALUES (275, 3, 50.00, 2000.00, 218);
INSERT INTO public.ingridient (ingridient_id, ingridient_type_id, price, quantity, menu_id) VALUES (276, 141, 10.00, 1000.00, 218);
INSERT INTO public.ingridient (ingridient_id, ingridient_type_id, price, quantity, menu_id) VALUES (282, 219, 60.00, 100.00, 281);
INSERT INTO public.ingridient (ingridient_id, ingridient_type_id, price, quantity, menu_id) VALUES (283, 30, 40.00, 2000.00, 281);
INSERT INTO public.ingridient (ingridient_id, ingridient_type_id, price, quantity, menu_id) VALUES (314, 271, 30.00, 1500.00, 313);
INSERT INTO public.ingridient (ingridient_id, ingridient_type_id, price, quantity, menu_id) VALUES (285, 147, 20.00, 800.00, 281);
INSERT INTO public.ingridient (ingridient_id, ingridient_type_id, price, quantity, menu_id) VALUES (286, 148, 20.00, 800.00, 281);
INSERT INTO public.ingridient (ingridient_id, ingridient_type_id, price, quantity, menu_id) VALUES (287, 161, 30.00, 2000.00, 281);
INSERT INTO public.ingridient (ingridient_id, ingridient_type_id, price, quantity, menu_id) VALUES (288, 84, 50.00, 500.00, 281);
INSERT INTO public.ingridient (ingridient_id, ingridient_type_id, price, quantity, menu_id) VALUES (315, 172, 20.00, 1000.00, 313);
INSERT INTO public.ingridient (ingridient_id, ingridient_type_id, price, quantity, menu_id) VALUES (316, 170, 30.00, 1000.00, 313);
INSERT INTO public.ingridient (ingridient_id, ingridient_type_id, price, quantity, menu_id) VALUES (317, 166, 13.00, 2000.00, 313);
INSERT INTO public.ingridient (ingridient_id, ingridient_type_id, price, quantity, menu_id) VALUES (318, 266, 25.00, 3500.00, 313);
INSERT INTO public.ingridient (ingridient_id, ingridient_type_id, price, quantity, menu_id) VALUES (319, 163, 20.00, 1000.00, 313);
INSERT INTO public.ingridient (ingridient_id, ingridient_type_id, price, quantity, menu_id) VALUES (320, 164, 10.00, 1000.00, 313);
INSERT INTO public.ingridient (ingridient_id, ingridient_type_id, price, quantity, menu_id) VALUES (321, 175, 10.00, 1000.00, 313);
INSERT INTO public.ingridient (ingridient_id, ingridient_type_id, price, quantity, menu_id) VALUES (322, 265, 15.00, 1000.00, 313);
INSERT INTO public.ingridient (ingridient_id, ingridient_type_id, price, quantity, menu_id) VALUES (323, 34, 32.00, 1500.00, 313);
INSERT INTO public.ingridient (ingridient_id, ingridient_type_id, price, quantity, menu_id) VALUES (324, 156, 15.00, 400.00, 313);
INSERT INTO public.ingridient (ingridient_id, ingridient_type_id, price, quantity, menu_id) VALUES (325, 84, 45.00, 500.00, 313);
INSERT INTO public.ingridient (ingridient_id, ingridient_type_id, price, quantity, menu_id) VALUES (326, 221, 40.00, 200.00, 313);
INSERT INTO public.ingridient (ingridient_id, ingridient_type_id, price, quantity, menu_id) VALUES (306, 30, 50.00, 2000.00, 292);
INSERT INTO public.ingridient (ingridient_id, ingridient_type_id, price, quantity, menu_id) VALUES (307, 265, 10.00, 2000.00, 292);
INSERT INTO public.ingridient (ingridient_id, ingridient_type_id, price, quantity, menu_id) VALUES (308, 250, 12.00, 1000.00, 292);
INSERT INTO public.ingridient (ingridient_id, ingridient_type_id, price, quantity, menu_id) VALUES (309, 269, 80.00, 100.00, 292);
INSERT INTO public.ingridient (ingridient_id, ingridient_type_id, price, quantity, menu_id) VALUES (310, 270, 90.00, 200.00, 292);
INSERT INTO public.ingridient (ingridient_id, ingridient_type_id, price, quantity, menu_id) VALUES (333, 160, 100.00, 1000.00, 332);
INSERT INTO public.ingridient (ingridient_id, ingridient_type_id, price, quantity, menu_id) VALUES (335, 160, 100.00, 1000.00, 334);
INSERT INTO public.ingridient (ingridient_id, ingridient_type_id, price, quantity, menu_id) VALUES (337, 160, 100.00, 1000.00, 336);
INSERT INTO public.ingridient (ingridient_id, ingridient_type_id, price, quantity, menu_id) VALUES (661, 137, 13.00, 3000.00, 659);
INSERT INTO public.ingridient (ingridient_id, ingridient_type_id, price, quantity, menu_id) VALUES (662, 30, 25.00, 2000.00, 659);
INSERT INTO public.ingridient (ingridient_id, ingridient_type_id, price, quantity, menu_id) VALUES (663, 59, 80.00, 1500.00, 659);
INSERT INTO public.ingridient (ingridient_id, ingridient_type_id, price, quantity, menu_id) VALUES (664, 216, 15.00, 300.00, 659);
INSERT INTO public.ingridient (ingridient_id, ingridient_type_id, price, quantity, menu_id) VALUES (665, 265, 15.00, 1000.00, 659);
INSERT INTO public.ingridient (ingridient_id, ingridient_type_id, price, quantity, menu_id) VALUES (658, 168, 15.00, 2000.00, 653);
INSERT INTO public.ingridient (ingridient_id, ingridient_type_id, price, quantity, menu_id) VALUES (660, 139, 34.00, 2000.00, 659);


INSERT INTO public.registerd_user_order (id, address, cellular, create_date, create_date_time, message, quality, quantity, menu_menu_id, email) VALUES (9, 'Adresa 11', '+385993176666', '2011-01-01', '2011-01-01 00:00:00', 'molim danas jedan bez oraha', 0, 5, 9, 'iskra.radinovic@gmail.com');
INSERT INTO public.registerd_user_order (id, address, cellular, create_date, create_date_time, message, quality, quantity, menu_menu_id, email) VALUES (278, '0', '0', '2019-07-27', '2019-07-27 14:47:27.686', 'molim 6 menuija', NULL, 6, 218, 'amir.kos@webringapps.com');
INSERT INTO public.registerd_user_order (id, address, cellular, create_date, create_date_time, message, quality, quantity, menu_menu_id, email) VALUES (280, '0', '0', '2019-07-27', '2019-07-27 14:53:47.29', 'molim danas meni 7 menija', NULL, 7, 218, 'amir.kos@gmail.com');
INSERT INTO public.registerd_user_order (id, address, cellular, create_date, create_date_time, message, quality, quantity, menu_menu_id, email) VALUES (141, '0', '0', '2019-07-22', '2019-07-22 09:52:05.8', 'molim meni jedan mali 
meni da vidimo oce li se
tex zamotati ukoliko ne budem dobro 
napisao pa me samo to zanima', NULL, 4, 134, 'amir.kos@gmail.com');
INSERT INTO public.registerd_user_order (id, address, cellular, create_date, create_date_time, message, quality, quantity, menu_menu_id, email) VALUES (289, 'Koste VOjnovica 26', '0993173689', '2019-07-28', '2019-07-28 13:59:27.011', 'molim meni jedan meni
-molim vas s priborom 
zahvaljujem', NULL, 2, 281, 'amir.kos@webringapps.com');
INSERT INTO public.registerd_user_order (id, address, cellular, create_date, create_date_time, message, quality, quantity, menu_menu_id, email) VALUES (291, 'car the one adressa 12', 'car 09921342142', '2019-07-28', '2019-07-28 14:33:10.849', 'molim meni 18', NULL, 18, 281, 'car.the.one@gmail.com');
INSERT INTO public.registerd_user_order (id, address, cellular, create_date, create_date_time, message, quality, quantity, menu_menu_id, email) VALUES (303, '0', '0', '2019-07-29', '2019-07-29 06:24:32.341', 'Molim jedan meni', NULL, 2, 292, 'amir.kos@gmail.com');
INSERT INTO public.registerd_user_order (id, address, cellular, create_date, create_date_time, message, quality, quantity, menu_menu_id, email) VALUES (304, 'Koste VOjnovica 26', '0993173689', '2019-07-29', '2019-07-29 06:26:24.789', 'Meni 6 komada', NULL, 6, 292, 'amir.kos@webringapps.com');
INSERT INTO public.registerd_user_order (id, address, cellular, create_date, create_date_time, message, quality, quantity, menu_menu_id, email) VALUES (311, 'car the one adressa 12', 'car 09921342142', '2019-07-29', '2019-07-29 08:40:16.517', 'Molim 4', NULL, 4, 292, 'car.the.one@gmail.com');
INSERT INTO public.registerd_user_order (id, address, cellular, create_date, create_date_time, message, quality, quantity, menu_menu_id, email) VALUES (312, '0', '0', '2019-07-29', '2019-07-29 11:48:30.489', 'Molim meni 8 komada 😀', NULL, 8, 292, 'svibor.plancic1@gmail.com');
INSERT INTO public.registerd_user_order (id, address, cellular, create_date, create_date_time, message, quality, quantity, menu_menu_id, email) VALUES (327, '0', '0', '2019-07-30', '2019-07-30 06:18:54.954', '4 menija', NULL, 4, 313, 'svibor.plancic1@gmail.com');
INSERT INTO public.registerd_user_order (id, address, cellular, create_date, create_date_time, message, quality, quantity, menu_menu_id, email) VALUES (328, '0', '0', '2019-07-30', '2019-07-30 06:19:31.548', 'Meni 5', NULL, 5, 313, 'amir.kos@gmail.com');
INSERT INTO public.registerd_user_order (id, address, cellular, create_date, create_date_time, message, quality, quantity, menu_menu_id, email) VALUES (329, '0', '0', '2019-07-30', '2019-07-30 06:22:34.925', '5', NULL, 5, 313, 'iskraradinovic@gmail.com');
INSERT INTO public.registerd_user_order (id, address, cellular, create_date, create_date_time, message, quality, quantity, menu_menu_id, email) VALUES (331, 'car the one adressa 12', 'car 09921342142', '2019-07-30', '2019-07-30 14:53:31.928', '8', NULL, 8, 313, 'car.the.one@gmail.com');
INSERT INTO public.registerd_user_order (id, address, cellular, create_date, create_date_time, message, quality, quantity, menu_menu_id, email) VALUES (338, 'Koste VOjnovica 26', '0993173689', '2019-07-30', '2019-07-30 22:12:47.319', '18', NULL, 18, 336, 'amir.kos@webringapps.com');
